[
  {
    "color" : {
      "blue" : 0.7068904972091927,
      "green" : 0.7098745348172935,
      "red" : 0.33849790540974656
    },
    "id" : "71EA8C84-965B-43DB-8426-5EB32196AB9A",
    "name" : "Capacitor"
  },
  {
    "name" : "Chip",
    "color" : {
      "red" : 0.32899330621358636,
      "green" : 0.9117348920687496,
      "blue" : 0.5343716406970148
    },
    "id" : "F5C0B281-298A-4E60-8124-451C7A0868D9"
  },
  {
    "id" : "253DBDDE-4C29-4E2B-9F63-7EBADFB1B96A",
    "color" : {
      "green" : 0.9444831857908873,
      "red" : 0.9976685831768651,
      "blue" : 0.11561038636505683
    },
    "name" : "Diode"
  },
  {
    "id" : "13461CA8-B2F2-4C37-8DF8-11C427A5AC37",
    "color" : {
      "blue" : 0.03551346234723385,
      "red" : 0.7766604459508264,
      "green" : 0.9247517944541483
    },
    "name" : "Electrolytic capacitor"
  },
  {
    "id" : "98672E67-817E-48E4-A645-B76343B38EA2",
    "name" : "Fuse",
    "color" : {
      "green" : 0.5311440012902209,
      "blue" : 0.45438952716076075,
      "red" : 0.20791797330140638
    }
  },
  {
    "id" : "E6C7C67A-C285-46B3-8004-AD0AEBA3157C",
    "name" : "Inductor",
    "color" : {
      "red" : 0.2238032551337743,
      "green" : 0.7487836640992741,
      "blue" : 0.9067108301187367
    }
  },
  {
    "id" : "1679AF39-1D88-40C9-BC42-4C192E6B8A01",
    "name" : "Light-emitting diode",
    "color" : {
      "green" : 0.3746775207787739,
      "red" : 0.12950019968047555,
      "blue" : 0.6717327346574813
    }
  },
  {
    "color" : {
      "green" : 0.00012898631781854686,
      "red" : 0.4929783385872114,
      "blue" : 0.4052954328149211
    },
    "id" : "3D796A01-6F0C-487D-831B-C2FADC1BAF4F",
    "name" : "Potensiometr"
  },
  {
    "color" : {
      "red" : 0.4152483179567379,
      "green" : 0.4735918074665081,
      "blue" : 0.04677214109909633
    },
    "id" : "1738D1D2-2226-4280-A077-5C62CC6F8852",
    "name" : "Quartz resonator"
  },
  {
    "name" : "Relay",
    "id" : "95EF8451-BD5C-436F-A14A-4544DA18E91B",
    "color" : {
      "blue" : 0.4176798418425788,
      "red" : 0.8748053017509168,
      "green" : 0.8592478438201697
    }
  },
  {
    "name" : "Resistor",
    "id" : "B8CF5C57-E120-4760-8BAB-FAB70474C120",
    "color" : {
      "red" : 0.7238399621212122,
      "blue" : 0.09146836343378316,
      "green" : 0.025977677919471837
    }
  },
  {
    "id" : "4A4E6442-DD3C-4361-91C5-3B0516B973C1",
    "name" : "Transistor",
    "color" : {
      "red" : 1,
      "blue" : 0.9520550354059647,
      "green" : 0.22042134584562423
    }
  },
  {
    "name" : "Varistor",
    "color" : {
      "blue" : 0.5944804142627159,
      "red" : 0.9619467418259586,
      "green" : 0.1699812166696011
    },
    "id" : "72563A45-C0A7-43E2-9A92-FEA28A674675"
  },
  {
    "color" : {
      "green" : 0.01124065457142509,
      "blue" : 0.6386325501194606,
      "red" : 0.07294639874487774
    },
    "name" : "Optocoupler",
    "id" : "AE0B6769-2EF0-4DDD-88F2-22A5386C0622"
  },
  {
    "color" : {
      "red" : 0.33989408327406745,
      "green" : 0.5,
      "blue" : 0.31177853679480916
    },
    "name" : "Voltage regulator",
    "id" : "FD247B0F-CAAF-4DC7-BF4A-748CAA3EDEBB"
  },
  {
    "id" : "E0351678-51A1-4DA0-A1A3-A8EE92E5AE55",
    "name" : "Button",
    "color" : {
      "red" : 0.5424800957837176,
      "green" : 0.08724897580476754,
      "blue" : 0.2955893177950466
    }
  },
  {
    "name" : "Resistor Array",
    "id" : "8F8C1E16-85D5-427E-ADA9-FF5A5F32E0B4",
    "color" : {
      "green" : 0.2746935398538837,
      "blue" : 0.5070670520863036,
      "red" : 0.6963395513752447
    }
  }
]